Zaman damgası,Cinsiyetiniz:,Yaş Aralığınız:,Medeni Durumunuz:,Sosyal medyayı ne sıklıkla kullanıyorsunuz?,"Ailenizin (eşinizin, çocuklarınızın) fotoğraflarını/videolarını sosyal medyada paylaşma sıklığınız nedir?", [Yetişkin/Ergen çocuklarımın rızasını], [Okul çağındaki (6-12 yaş) çocuklarımın rızasını/görüşünü], [Küçük yaştaki (0-5 yaş) çocuklarımın ilerideki rızasını düşünerek paylaşımı],Dijital ortamlarda aile mahremiyetini korumanın önem düzeyini 1'den (Önemsiz) 10'a (Çok Önemli) kadar değerlendiriniz.,Sosyal medyada paylaştığınız aile fotoğrafları/videoları için 'nazar' (göz değmesi) endişesi taşıyor musunuz?,"Aşağıdaki risk faktörlerinin ailenizin dijital mahremiyeti üzerindeki etkisini ne kadar ciddiye alıyorsunuz? [Paylaşılan içeriğin üçüncü kişiler (reklam, veri şirketleri) tarafından kullanılması]",Aşağıdaki risk faktörlerinin ailenizin dijital mahremiyeti üzerindeki etkisini ne kadar ciddiye alıyorsunuz? [Çocuğun gelecekteki 'dijital ayak izinin' olumsuz etkilenmesi],Aşağıdaki risk faktörlerinin ailenizin dijital mahremiyeti üzerindeki etkisini ne kadar ciddiye alıyorsunuz? [Siber zorbalık veya dijital istismar tehlikesi],Aşağıdaki risk faktörlerinin ailenizin dijital mahremiyeti üzerindeki etkisini ne kadar ciddiye alıyorsunuz? [Ailenin özel anlarının yabancılar tarafından 'beğeni' veya 'meta' olarak tüketilmesi],Dijital mahremiyet konusunda ailenizle (eşiniz/çocuklarınızla) belirlediğiniz yazılı veya sözlü kurallar var mı?,Dijital mahremiyet ve etik konularında kendinizi ne kadar bilgili hissediyorsunuz?,"Aile mahremiyeti ve dijital etik konusunda bilgilendirici/farkındalık artırıcı çalışmalara (seminer, makale, rehber) katılma isteğiniz nedir?","Eklemek istediğiniz, dijital mahremiyetle ilgili kişisel düşünceleriniz veya deneyimleriniz var mı?",https://www.mahremiz.com.tr/ sitemiz nasıl sizce
06.05.2026 16:21:13,Kadın,25-34,Bekar,Günde birkaç kez,Asla paylaşmıyorum,Her zaman alıyorum/yapıyorum,Her zaman alıyorum/yapıyorum,Her zaman alıyorum/yapıyorum,10,"Evet, her zaman endişeleniyorum",Çok Ciddiye Alıyorum,Çok Ciddiye Alıyorum,Çok Ciddiye Alıyorum,Çok Ciddiye Alıyorum,"Evet, sözlü olarak belirlenmiş kurallarımız var",4,İlgilenmiyorum,"Toplumun devlet eliyle çocukları, gencligimizi ve toplumumuzun ahlaki degerlerini korumasi gerektiğini bazı kisitlamalara gidilmesi yerli ve milli teknolojik ürünler ve uygulamalar kullanmamız gerektiğini düşünüyorum","Cok iyi düşünülmüş, toplumumuzun gelişen teknolojiyle bilgilendirilmeye ihtiyacı olduğunu düşünüyorum"
06.05.2026 16:38:16,Kadın,18-24,Bekar,Günde birkaç kez,Ayda bir/Önemli günlerde,Bazen alıyorum/yapıyorum,Bazen alıyorum/yapıyorum,Bazen alıyorum/yapıyorum,5,Çok nadiren düşünüyorum,Az Ciddiye Alıyorum,Orta Düzeyde Ciddiye Alıyorum,Az Ciddiye Alıyorum,Orta Düzeyde Ciddiye Alıyorum,"Evet, sözlü olarak belirlenmiş kurallarımız var",3,Kesinlikle katılmak isterim,Yok,Gayet güzel 
06.05.2026 16:38:28,Kadın,18-24,Bekar,Günde birkaç kez,Asla paylaşmıyorum,Her zaman alıyorum/yapıyorum,Her zaman alıyorum/yapıyorum,Her zaman alıyorum/yapıyorum,10,Bazen aklıma geliyor,Hiç Ciddiye Almıyorum,Hiç Ciddiye Almıyorum,Çok Ciddiye Alıyorum,Az Ciddiye Alıyorum,"Hayır, ancak bu konuda konuşuyoruz",1,Belki katılabilirim,Yok,Güzel 
06.05.2026 16:39:45,Kadın,18-24,Bekar,Günde birkaç kez,Her gün/Hemen hemen her paylaşımımda,Her zaman alıyorum/yapıyorum,Her zaman alıyorum/yapıyorum,Her zaman alıyorum/yapıyorum,4,Çok nadiren düşünüyorum,Az Ciddiye Alıyorum,Hiç Ciddiye Almıyorum,Orta Düzeyde Ciddiye Alıyorum,Az Ciddiye Alıyorum,"Evet, yazılı bir aile sözleşmemiz/kurallarımız var",4,Belki katılabilirim,Yok,Güzel
06.05.2026 16:40:53,Kadın,35-44,Evli ve çocuklu,Günde birkaç kez,Yılda birkaç kez/Çok nadir,Her zaman alıyorum/yapıyorum,Bazen alıyorum/yapıyorum,Hiç almıyorum/yapmıyorum,10,Çok nadiren düşünüyorum,Çok Ciddiye Alıyorum,Çok Ciddiye Alıyorum,Çok Ciddiye Alıyorum,Çok Ciddiye Alıyorum,"Evet, sözlü olarak belirlenmiş kurallarımız var",4,Belki katılabilirim,Fotoğraf ve özel bilgiler paylaşmayı doğru bulmuyorum.,Güzel
06.05.2026 16:41:16,Kadın,18-24,Bekar,Günde birkaç kez,Asla paylaşmıyorum,Nadiren alıyorum/yapıyorum,Her zaman alıyorum/yapıyorum,Her zaman alıyorum/yapıyorum,10,"Evet, her zaman endişeleniyorum",Orta Düzeyde Ciddiye Alıyorum,Çok Ciddiye Alıyorum,Orta Düzeyde Ciddiye Alıyorum,Çok Ciddiye Alıyorum,"Evet, sözlü olarak belirlenmiş kurallarımız var",1,Belki katılabilirim,Yok,Çok güzel 
06.05.2026 16:42:03,Kadın,35-44,Evli ve çocuklu,Günde birkaç kez,Yılda birkaç kez/Çok nadir,Her zaman alıyorum/yapıyorum,Her zaman alıyorum/yapıyorum,Her zaman alıyorum/yapıyorum,10,"Evet, her zaman endişeleniyorum",Orta Düzeyde Ciddiye Alıyorum,Orta Düzeyde Ciddiye Alıyorum,Orta Düzeyde Ciddiye Alıyorum,Çok Ciddiye Alıyorum,"Evet, sözlü olarak belirlenmiş kurallarımız var",5,Kesinlikle katılmak isterim,Bilinçlenmemiz gerekiyor,Çok başarılı 
06.05.2026 16:43:12,Kadın,18-24,Bekar,Günde birkaç kez,Ayda bir/Önemli günlerde,Hiç almıyorum/yapmıyorum,Hiç almıyorum/yapmıyorum,Her zaman alıyorum/yapıyorum,10,"Evet, her zaman endişeleniyorum",Çok Ciddiye Alıyorum,Çok Ciddiye Alıyorum,Çok Ciddiye Alıyorum,Çok Ciddiye Alıyorum,"Hayır, ancak bu konuda konuşuyoruz",3,Belki katılabilirim,Hayır,Gayet bilgilendirici
06.05.2026 16:43:16,Kadın,18-24,Bekar,Günde birkaç kez,Haftada bir/Düzenli olarak,Her zaman alıyorum/yapıyorum,Her zaman alıyorum/yapıyorum,Her zaman alıyorum/yapıyorum,8,"Evet, her zaman endişeleniyorum",Orta Düzeyde Ciddiye Alıyorum,Orta Düzeyde Ciddiye Alıyorum,Orta Düzeyde Ciddiye Alıyorum,Orta Düzeyde Ciddiye Alıyorum,"Hayır, ancak bu konuda konuşuyoruz",5,İlgilenmiyorum,Yok,Süper
06.05.2026 16:44:04,Kadın,25-34,"Evli, çocuğu yok",Günde birkaç kez,Asla paylaşmıyorum,Hiç almıyorum/yapmıyorum,Hiç almıyorum/yapmıyorum,Hiç almıyorum/yapmıyorum,10,"Evet, her zaman endişeleniyorum",Çok Ciddiye Alıyorum,Çok Ciddiye Alıyorum,Çok Ciddiye Alıyorum,Çok Ciddiye Alıyorum,"Hayır, ancak bu konuda konuşuyoruz",3,Kesinlikle katılmak isterim,.,.
06.05.2026 16:45:04,Erkek,18-24,Bekar,Günde birkaç kez,Ayda bir/Önemli günlerde,Her zaman alıyorum/yapıyorum,Her zaman alıyorum/yapıyorum,Her zaman alıyorum/yapıyorum,10,Bazen aklıma geliyor,Çok Ciddiye Alıyorum,Çok Ciddiye Alıyorum,Çok Ciddiye Alıyorum,Çok Ciddiye Alıyorum,"Evet, sözlü olarak belirlenmiş kurallarımız var",5,Belki katılabilirim,Yok,Güzel
06.05.2026 16:47:11,Erkek,18-24,"Evli, çocuğu yok",Günde birkaç kez,Haftada bir/Düzenli olarak,Bazen alıyorum/yapıyorum,Her zaman alıyorum/yapıyorum,Bazen alıyorum/yapıyorum,3,Bazen aklıma geliyor,Hiç Ciddiye Almıyorum,Az Ciddiye Alıyorum,Az Ciddiye Alıyorum,Orta Düzeyde Ciddiye Alıyorum,"Evet, yazılı bir aile sözleşmemiz/kurallarımız var",5,Belki katılabilirim,Yok,İyi
06.05.2026 16:47:47,Kadın,18-24,Bekar,Hemen hemen hiç kullanmıyorum,Yılda birkaç kez/Çok nadir,Hiç almıyorum/yapmıyorum,Hiç almıyorum/yapmıyorum,Bazen alıyorum/yapıyorum,10,"Evet, her zaman endişeleniyorum",Çok Ciddiye Alıyorum,Çok Ciddiye Alıyorum,Çok Ciddiye Alıyorum,Çok Ciddiye Alıyorum,"Evet, sözlü olarak belirlenmiş kurallarımız var",2,Kesinlikle katılmak isterim,Hesaplara şifre girilerek kırılabiliyor bilgisini duymuştum,"Başarılı, gelişirse daha da güzel olacak inşallah "
06.05.2026 16:48:04,Kadın,18-24,Bekar,Günde birkaç kez,Ayda bir/Önemli günlerde,Bazen alıyorum/yapıyorum,Bazen alıyorum/yapıyorum,Her zaman alıyorum/yapıyorum,10,Bazen aklıma geliyor,Çok Ciddiye Alıyorum,Çok Ciddiye Alıyorum,Çok Ciddiye Alıyorum,Çok Ciddiye Alıyorum,"Hayır, ancak bu konuda konuşuyoruz",5,Kesinlikle katılmak isterim,Yok,Çok iyi
06.05.2026 16:49:16,Kadın,18-24,Bekar,Günde birkaç kez,Yılda birkaç kez/Çok nadir,Her zaman alıyorum/yapıyorum,Bazen alıyorum/yapıyorum,Hiç almıyorum/yapmıyorum,10,"Evet, her zaman endişeleniyorum",Çok Ciddiye Alıyorum,Çok Ciddiye Alıyorum,Çok Ciddiye Alıyorum,Çok Ciddiye Alıyorum,"Evet, sözlü olarak belirlenmiş kurallarımız var",3,Belki katılabilirim,Hayır yok ,Güzel 
06.05.2026 16:49:29,Kadın,18-24,Bekar,Günde birkaç kez,Asla paylaşmıyorum,Bazen alıyorum/yapıyorum,Hiç almıyorum/yapmıyorum,Hiç almıyorum/yapmıyorum,2,Bazen aklıma geliyor,Orta Düzeyde Ciddiye Alıyorum,Orta Düzeyde Ciddiye Alıyorum,Orta Düzeyde Ciddiye Alıyorum,Orta Düzeyde Ciddiye Alıyorum,"Hayır, bu konuyu hiç konuşmadık",3,Belki katılabilirim,Yani pek yok,İyi
06.05.2026 16:49:38,Kadın,18-24,Bekar,Günde bir kez,Asla paylaşmıyorum,Hiç almıyorum/yapmıyorum,Her zaman alıyorum/yapıyorum,Hiç almıyorum/yapmıyorum,10,"Evet, her zaman endişeleniyorum",Çok Ciddiye Alıyorum,Çok Ciddiye Alıyorum,Çok Ciddiye Alıyorum,Çok Ciddiye Alıyorum,"Hayır, bu konuyu hiç konuşmadık",5,Belki katılabilirim,.,.
06.05.2026 16:50:21,Kadın,18-24,Bekar,Günde birkaç kez,Asla paylaşmıyorum,Bazen alıyorum/yapıyorum,Bazen alıyorum/yapıyorum,Bazen alıyorum/yapıyorum,10,Bazen aklıma geliyor,Orta Düzeyde Ciddiye Alıyorum,Çok Ciddiye Alıyorum,Çok Ciddiye Alıyorum,Çok Ciddiye Alıyorum,"Hayır, ancak bu konuda konuşuyoruz",4,Kesinlikle katılmak isterim,İnsanlar artık sosyal medyayı birer teşir aracı ve birbiriyle yarış mekanizması haline getirdiği için sosyal medyanın olumlu yönlerini kullanamıyoruz ve mahremiyetimiz sürekli istismar ediliyor. Bu yüzden bu gibi proje ve bilgilendirmeler arttırılırsa çok güzel olur. ,Ben çok beğendim özellikle takip ettiğimiz hesapların ne gibi riskler taşıdığını bu site sayesinde öğrenip kendi kontrol mekanizmamızı geliştirmiş olacağız. Elinize emeğinize sağlık🌸
06.05.2026 16:50:22,Kadın,18-24,Bekar,Günde birkaç kez,Yılda birkaç kez/Çok nadir,Her zaman alıyorum/yapıyorum,Hiç almıyorum/yapmıyorum,Hiç almıyorum/yapmıyorum,10,Bazen aklıma geliyor,Orta Düzeyde Ciddiye Alıyorum,Çok Ciddiye Alıyorum,Orta Düzeyde Ciddiye Alıyorum,Orta Düzeyde Ciddiye Alıyorum,"Hayır, bu konuyu hiç konuşmadık",5,Kesinlikle katılmak isterim,.,Hemen bakıyorum 
06.05.2026 16:50:27,Kadın,18-24,Evli ve çocuklu,Günde birkaç kez,Ayda bir/Önemli günlerde,Her zaman alıyorum/yapıyorum,Her zaman alıyorum/yapıyorum,Her zaman alıyorum/yapıyorum,10,"Evet, her zaman endişeleniyorum",Çok Ciddiye Alıyorum,Çok Ciddiye Alıyorum,Çok Ciddiye Alıyorum,Çok Ciddiye Alıyorum,"Evet, sözlü olarak belirlenmiş kurallarımız var",5,İlgilenmiyorum,önemli bir konu herkesin katılmasını isterim,güzel
06.05.2026 16:51:10,Kadın,18-24,Bekar,Günde birkaç kez,Yılda birkaç kez/Çok nadir,Hiç almıyorum/yapmıyorum,Hiç almıyorum/yapmıyorum,Hiç almıyorum/yapmıyorum,10,"Hayır, böyle bir endişem yok",Az Ciddiye Alıyorum,Az Ciddiye Alıyorum,Az Ciddiye Alıyorum,Hiç Ciddiye Almıyorum,"Hayır, bu konuyu hiç konuşmadık",2,İlgilenmiyorum,Yok,Harika
06.05.2026 16:52:13,Kadın,18-24,Bekar,Günde birkaç kez,Yılda birkaç kez/Çok nadir,Her zaman alıyorum/yapıyorum,Bazen alıyorum/yapıyorum,Nadiren alıyorum/yapıyorum,8,Çok nadiren düşünüyorum,Orta Düzeyde Ciddiye Alıyorum,Çok Ciddiye Alıyorum,Çok Ciddiye Alıyorum,Orta Düzeyde Ciddiye Alıyorum,"Evet, sözlü olarak belirlenmiş kurallarımız var",3,Belki katılabilirim,Yok,Güzel 
06.05.2026 16:52:14,Erkek,18-24,Bekar,Günde birkaç kez,Asla paylaşmıyorum,Her zaman alıyorum/yapıyorum,Her zaman alıyorum/yapıyorum,Her zaman alıyorum/yapıyorum,10,Bazen aklıma geliyor,Hiç Ciddiye Almıyorum,Orta Düzeyde Ciddiye Alıyorum,Çok Ciddiye Alıyorum,Çok Ciddiye Alıyorum,"Hayır, ancak bu konuda konuşuyoruz",3,Belki katılabilirim,Yok,Siteyi şu an duydum
06.05.2026 16:52:17,Kadın,18-24,Bekar,Günde birkaç kez,Asla paylaşmıyorum,Bazen alıyorum/yapıyorum,Nadiren alıyorum/yapıyorum,Bazen alıyorum/yapıyorum,10,Çok nadiren düşünüyorum,Orta Düzeyde Ciddiye Alıyorum,Orta Düzeyde Ciddiye Alıyorum,Orta Düzeyde Ciddiye Alıyorum,Orta Düzeyde Ciddiye Alıyorum,"Hayır, ancak bu konuda konuşuyoruz",3,İlgilenmiyorum,Yok,İyi
06.05.2026 16:52:30,Kadın,25-34,Evli ve çocuklu,Günde birkaç kez,Ayda bir/Önemli günlerde,Hiç almıyorum/yapmıyorum,Hiç almıyorum/yapmıyorum,Hiç almıyorum/yapmıyorum,10,"Evet, her zaman endişeleniyorum",Çok Ciddiye Alıyorum,Çok Ciddiye Alıyorum,Çok Ciddiye Alıyorum,Çok Ciddiye Alıyorum,"Evet, sözlü olarak belirlenmiş kurallarımız var",5,Kesinlikle katılmak isterim,Deneyiyim yok ,Çok iyi olmuş 
06.05.2026 16:53:58,Kadın,18-24,Bekar,Günde birkaç kez,Yılda birkaç kez/Çok nadir,Her zaman alıyorum/yapıyorum,Her zaman alıyorum/yapıyorum,Her zaman alıyorum/yapıyorum,10,"Evet, her zaman endişeleniyorum",Çok Ciddiye Alıyorum,Çok Ciddiye Alıyorum,Çok Ciddiye Alıyorum,Çok Ciddiye Alıyorum,"Hayır, bu konuyu hiç konuşmadık",3,Belki katılabilirim,.,.
06.05.2026 16:54:08,Kadın,18-24,Bekar,Günde birkaç kez,Ayda bir/Önemli günlerde,Her zaman alıyorum/yapıyorum,Her zaman alıyorum/yapıyorum,Her zaman alıyorum/yapıyorum,6,"Evet, her zaman endişeleniyorum",Az Ciddiye Alıyorum,Az Ciddiye Alıyorum,Az Ciddiye Alıyorum,Az Ciddiye Alıyorum,"Evet, sözlü olarak belirlenmiş kurallarımız var",4,Belki katılabilirim,Hayir,Güzel 
06.05.2026 16:57:31,Kadın,18-24,Bekar,Günde birkaç kez,Yılda birkaç kez/Çok nadir,Bazen alıyorum/yapıyorum,Her zaman alıyorum/yapıyorum,Bazen alıyorum/yapıyorum,4,Bazen aklıma geliyor,Orta Düzeyde Ciddiye Alıyorum,Çok Ciddiye Alıyorum,Çok Ciddiye Alıyorum,Çok Ciddiye Alıyorum,"Hayır, bu konuyu hiç konuşmadık",3,Belki katılabilirim,Yok,Süper
06.05.2026 16:58:35,Kadın,18-24,Bekar,Günde birkaç kez,Ayda bir/Önemli günlerde,Hiç almıyorum/yapmıyorum,Hiç almıyorum/yapmıyorum,Hiç almıyorum/yapmıyorum,10,Bazen aklıma geliyor,Çok Ciddiye Alıyorum,Çok Ciddiye Alıyorum,Çok Ciddiye Alıyorum,Çok Ciddiye Alıyorum,"Hayır, bu konuyu hiç konuşmadık",4,Belki katılabilirim,Hayır yok ,Güzel. 
06.05.2026 16:58:50,Kadın,18-24,Bekar,Günde birkaç kez,Yılda birkaç kez/Çok nadir,Her zaman alıyorum/yapıyorum,Her zaman alıyorum/yapıyorum,Her zaman alıyorum/yapıyorum,10,Bazen aklıma geliyor,Orta Düzeyde Ciddiye Alıyorum,Az Ciddiye Alıyorum,Orta Düzeyde Ciddiye Alıyorum,Az Ciddiye Alıyorum,"Hayır, ancak bu konuda konuşuyoruz",4,Kesinlikle katılmak isterim,Yok ,Çok güzel Çok bilgili
06.05.2026 16:59:42,Kadın,18-24,Bekar,Günde birkaç kez,Yılda birkaç kez/Çok nadir,Bazen alıyorum/yapıyorum,Hiç almıyorum/yapmıyorum,Hiç almıyorum/yapmıyorum,8,Bazen aklıma geliyor,Az Ciddiye Alıyorum,Az Ciddiye Alıyorum,Az Ciddiye Alıyorum,Az Ciddiye Alıyorum,"Hayır, bu konuyu hiç konuşmadık",4,İlgilenmiyorum,Hayır ,Güzel
06.05.2026 17:00:23,Kadın,18-24,Bekar,Günde birkaç kez,Yılda birkaç kez/Çok nadir,Her zaman alıyorum/yapıyorum,Bazen alıyorum/yapıyorum,Bazen alıyorum/yapıyorum,10,"Evet, her zaman endişeleniyorum",Çok Ciddiye Alıyorum,Çok Ciddiye Alıyorum,Çok Ciddiye Alıyorum,Çok Ciddiye Alıyorum,"Hayır, ancak bu konuda konuşuyoruz",3,Belki katılabilirim,Yok ,Güzel
06.05.2026 17:01:48,Kadın,18-24,Bekar,Günde birkaç kez,Ayda bir/Önemli günlerde,Her zaman alıyorum/yapıyorum,Her zaman alıyorum/yapıyorum,Her zaman alıyorum/yapıyorum,10,Bazen aklıma geliyor,Çok Ciddiye Alıyorum,Çok Ciddiye Alıyorum,Çok Ciddiye Alıyorum,Orta Düzeyde Ciddiye Alıyorum,"Hayır, ancak bu konuda konuşuyoruz",3,Kesinlikle katılmak isterim,Daha önce paylaştığım bir fotoğrafımı benim iznim dışında ekran görüntüsü alıp başka yerde paylaşmışlardı çok rahatsız olmuştum.,Çok güzel.
06.05.2026 17:07:04,Kadın,18-24,Bekar,Günde birkaç kez,Yılda birkaç kez/Çok nadir,Her zaman alıyorum/yapıyorum,Her zaman alıyorum/yapıyorum,Her zaman alıyorum/yapıyorum,10,Bazen aklıma geliyor,Orta Düzeyde Ciddiye Alıyorum,Orta Düzeyde Ciddiye Alıyorum,Orta Düzeyde Ciddiye Alıyorum,Orta Düzeyde Ciddiye Alıyorum,"Hayır, bu konuyu hiç konuşmadık",5,Belki katılabilirim,Yok ,Mükemmel 
06.05.2026 17:09:53,Kadın,18-24,Bekar,Günde birkaç kez,Yılda birkaç kez/Çok nadir,Bazen alıyorum/yapıyorum,Bazen alıyorum/yapıyorum,Bazen alıyorum/yapıyorum,9,"Evet, her zaman endişeleniyorum",Çok Ciddiye Alıyorum,Çok Ciddiye Alıyorum,Çok Ciddiye Alıyorum,Çok Ciddiye Alıyorum,"Hayır, ancak bu konuda konuşuyoruz",4,Belki katılabilirim,yok,👍
06.05.2026 17:10:39,Kadın,18-24,Bekar,Günde birkaç kez,Ayda bir/Önemli günlerde,Nadiren alıyorum/yapıyorum,Nadiren alıyorum/yapıyorum,Bazen alıyorum/yapıyorum,5,"Evet, her zaman endişeleniyorum",Az Ciddiye Alıyorum,Orta Düzeyde Ciddiye Alıyorum,Az Ciddiye Alıyorum,Az Ciddiye Alıyorum,"Hayır, ancak bu konuda konuşuyoruz",3,Belki katılabilirim,Yok,Güzel
06.05.2026 17:15:15,Erkek,25-34,Bekar,Günde birkaç kez,Asla paylaşmıyorum,Bazen alıyorum/yapıyorum,Nadiren alıyorum/yapıyorum,Bazen alıyorum/yapıyorum,10,"Evet, her zaman endişeleniyorum",Orta Düzeyde Ciddiye Alıyorum,Çok Ciddiye Alıyorum,Çok Ciddiye Alıyorum,Çok Ciddiye Alıyorum,"Hayır, ancak bu konuda konuşuyoruz",4,İlgilenmiyorum,Yok,Bu siteyi ilk defa duydum
06.05.2026 17:18:55,Kadın,18-24,Bekar,Günde birkaç kez,Yılda birkaç kez/Çok nadir,Bazen alıyorum/yapıyorum,Bazen alıyorum/yapıyorum,Bazen alıyorum/yapıyorum,10,Çok nadiren düşünüyorum,Hiç Ciddiye Almıyorum,Az Ciddiye Alıyorum,Çok Ciddiye Alıyorum,Çok Ciddiye Alıyorum,"Hayır, bu konuyu hiç konuşmadık",3,Belki katılabilirim,Hayır deneyimim yok,"Çok güzel, süper "
06.05.2026 17:19:53,Kadın,35-44,Evli ve çocuklu,Günde birkaç kez,Asla paylaşmıyorum,Her zaman alıyorum/yapıyorum,Her zaman alıyorum/yapıyorum,Bazen alıyorum/yapıyorum,10,Çok nadiren düşünüyorum,Çok Ciddiye Alıyorum,Çok Ciddiye Alıyorum,Çok Ciddiye Alıyorum,Çok Ciddiye Alıyorum,"Evet, sözlü olarak belirlenmiş kurallarımız var",3,Kesinlikle katılmak isterim,Yok,Güzel
06.05.2026 17:21:43,Erkek,18-24,Bekar,Günde birkaç kez,Yılda birkaç kez/Çok nadir,Her zaman alıyorum/yapıyorum,Her zaman alıyorum/yapıyorum,Her zaman alıyorum/yapıyorum,9,Çok nadiren düşünüyorum,Çok Ciddiye Alıyorum,Çok Ciddiye Alıyorum,Çok Ciddiye Alıyorum,Çok Ciddiye Alıyorum,"Hayır, bu konuyu hiç konuşmadık",5,Belki katılabilirim,Yok ,Çok güzel ve mantıklı uygulanması gereken sorular 
06.05.2026 17:22:18,Kadın,25-34,Evli ve çocuklu,Günde birkaç kez,Ayda bir/Önemli günlerde,Her zaman alıyorum/yapıyorum,Her zaman alıyorum/yapıyorum,Her zaman alıyorum/yapıyorum,10,"Evet, her zaman endişeleniyorum",Çok Ciddiye Alıyorum,Orta Düzeyde Ciddiye Alıyorum,Çok Ciddiye Alıyorum,Çok Ciddiye Alıyorum,"Hayır, ancak bu konuda konuşuyoruz",3,Belki katılabilirim,Yok,Güzel 
06.05.2026 17:22:19,Kadın,25-34,Bekar,Günde birkaç kez,Asla paylaşmıyorum,Her zaman alıyorum/yapıyorum,Her zaman alıyorum/yapıyorum,Her zaman alıyorum/yapıyorum,9,"Evet, her zaman endişeleniyorum",Çok Ciddiye Alıyorum,Çok Ciddiye Alıyorum,Çok Ciddiye Alıyorum,Çok Ciddiye Alıyorum,"Hayır, ancak bu konuda konuşuyoruz",4,Kesinlikle katılmak isterim,Dijital mahremiyet hususunda devletin de ciddi aksiyon alacağını düşünmüyorum çatı kuruluşlar ya da sivil toplum faaliyetlerini önemli buluyorum bilmediğimiz bir gelecek bizi bekliyorken buna daha iyi hazırlanabiliriz.,İlk defa gördüm. 
06.05.2026 17:29:43,Erkek,25-34,"Evli, çocuğu yok",Günde birkaç kez,Asla paylaşmıyorum,Her zaman alıyorum/yapıyorum,Bazen alıyorum/yapıyorum,Bazen alıyorum/yapıyorum,10,"Evet, her zaman endişeleniyorum",Çok Ciddiye Alıyorum,Çok Ciddiye Alıyorum,Çok Ciddiye Alıyorum,Çok Ciddiye Alıyorum,"Evet, sözlü olarak belirlenmiş kurallarımız var",5,İlgilenmiyorum,Anonim hesap olmamalı. Herkes kimlikteki ismi ve resmi ile olmalı. Onun haricinde hiçbir foto vs olmamalı,Bakarım belki
06.05.2026 17:30:47,Erkek,35-44,Bekar,Günde birkaç kez,Asla paylaşmıyorum,Hiç almıyorum/yapmıyorum,Hiç almıyorum/yapmıyorum,Hiç almıyorum/yapmıyorum,10,"Hayır, böyle bir endişem yok",Çok Ciddiye Alıyorum,Çok Ciddiye Alıyorum,Çok Ciddiye Alıyorum,Çok Ciddiye Alıyorum,"Hayır, bu konuyu hiç konuşmadık",5,Belki katılabilirim,Dijitalden önce aileler ve özellikle anne babaya çok büyük iş düşüyor mahremiyet konusunda aileden temel eğitimi alan bireyler dijital ve sosyal medyada nasıl hareket etmesi gerektiğini inancı çerçevesinde yolunu çizecektir diye düşünüyorum🤔,Güzel Daha başarılı olur inşallah 
06.05.2026 17:31:00,Kadın,25-34,Evli ve çocuklu,Günde bir kez,Yılda birkaç kez/Çok nadir,Nadiren alıyorum/yapıyorum,Nadiren alıyorum/yapıyorum,Her zaman alıyorum/yapıyorum,10,"Evet, her zaman endişeleniyorum",Orta Düzeyde Ciddiye Alıyorum,Orta Düzeyde Ciddiye Alıyorum,Orta Düzeyde Ciddiye Alıyorum,Orta Düzeyde Ciddiye Alıyorum,"Evet, sözlü olarak belirlenmiş kurallarımız var",3,Belki katılabilirim,Pisikolojik olarakAileyi korumak ,Çok iyi
06.05.2026 17:36:14,Kadın,18-24,Bekar,Günde birkaç kez,Yılda birkaç kez/Çok nadir,Her zaman alıyorum/yapıyorum,Her zaman alıyorum/yapıyorum,Bazen alıyorum/yapıyorum,10,Bazen aklıma geliyor,Çok Ciddiye Alıyorum,Orta Düzeyde Ciddiye Alıyorum,Çok Ciddiye Alıyorum,Çok Ciddiye Alıyorum,"Hayır, bu konuyu hiç konuşmadık",3,Belki katılabilirim,.,.
06.05.2026 17:40:29,Kadın,18-24,Bekar,Günde birkaç kez,Yılda birkaç kez/Çok nadir,Hiç almıyorum/yapmıyorum,Hiç almıyorum/yapmıyorum,Hiç almıyorum/yapmıyorum,9,Bazen aklıma geliyor,Orta Düzeyde Ciddiye Alıyorum,Orta Düzeyde Ciddiye Alıyorum,Orta Düzeyde Ciddiye Alıyorum,Orta Düzeyde Ciddiye Alıyorum,"Hayır, bu konuyu hiç konuşmadık",3,Kesinlikle katılmak isterim,Aslında bu konu günümüzde çok önemli bir tartışma sebebi çünkü çocukların istemsizce bilgilerini girmesi gibi bi çok neden olumsuz etki yaratiyor,Çok yararlı buldum hele ki bu zamanda boyle bi platform yaratmak baya etkili olucaktir😊
06.05.2026 17:43:34,Kadın,18-24,Bekar,Günde birkaç kez,Yılda birkaç kez/Çok nadir,Her zaman alıyorum/yapıyorum,Her zaman alıyorum/yapıyorum,Her zaman alıyorum/yapıyorum,10,"Evet, her zaman endişeleniyorum",Çok Ciddiye Alıyorum,Çok Ciddiye Alıyorum,Çok Ciddiye Alıyorum,Orta Düzeyde Ciddiye Alıyorum,"Hayır, ancak bu konuda konuşuyoruz",4,Belki katılabilirim,Yok,Başarılı 
06.05.2026 17:48:30,Erkek,45-54,Evli ve çocuklu,Hemen hemen hiç kullanmıyorum,Asla paylaşmıyorum,Her zaman alıyorum/yapıyorum,Her zaman alıyorum/yapıyorum,Her zaman alıyorum/yapıyorum,10,"Evet, her zaman endişeleniyorum",Çok Ciddiye Alıyorum,Çok Ciddiye Alıyorum,Çok Ciddiye Alıyorum,Çok Ciddiye Alıyorum,"Hayır, ancak bu konuda konuşuyoruz",3,İlgilenmiyorum,Hayır,Güzel 
06.05.2026 17:48:47,Kadın,18-24,Bekar,Günde birkaç kez,Ayda bir/Önemli günlerde,Her zaman alıyorum/yapıyorum,Her zaman alıyorum/yapıyorum,Her zaman alıyorum/yapıyorum,10,Bazen aklıma geliyor,Çok Ciddiye Alıyorum,Çok Ciddiye Alıyorum,Çok Ciddiye Alıyorum,Çok Ciddiye Alıyorum,"Hayır, bu konuyu hiç konuşmadık",4,İlgilenmiyorum,Yok,Güzel
06.05.2026 17:51:34,Kadın,18-24,Bekar,Günde birkaç kez,Yılda birkaç kez/Çok nadir,Her zaman alıyorum/yapıyorum,Her zaman alıyorum/yapıyorum,Her zaman alıyorum/yapıyorum,10,Bazen aklıma geliyor,Çok Ciddiye Alıyorum,Çok Ciddiye Alıyorum,Orta Düzeyde Ciddiye Alıyorum,Orta Düzeyde Ciddiye Alıyorum,"Hayır, ancak bu konuda konuşuyoruz",3,Belki katılabilirim,.yok, güzel
06.05.2026 17:52:03,Kadın,25-34,Evli ve çocuklu,Günde birkaç kez,Ayda bir/Önemli günlerde,Her zaman alıyorum/yapıyorum,Her zaman alıyorum/yapıyorum,Her zaman alıyorum/yapıyorum,10,Bazen aklıma geliyor,Çok Ciddiye Alıyorum,Çok Ciddiye Alıyorum,Çok Ciddiye Alıyorum,Çok Ciddiye Alıyorum,"Evet, sözlü olarak belirlenmiş kurallarımız var",4,Kesinlikle katılmak isterim,Yok ,İyi
06.05.2026 18:14:07,Kadın,25-34,Evli ve çocuklu,Günde birkaç kez,Ayda bir/Önemli günlerde,Her zaman alıyorum/yapıyorum,Her zaman alıyorum/yapıyorum,Nadiren alıyorum/yapıyorum,10,"Evet, her zaman endişeleniyorum",Çok Ciddiye Alıyorum,Çok Ciddiye Alıyorum,Çok Ciddiye Alıyorum,Çok Ciddiye Alıyorum,"Hayır, ancak bu konuda konuşuyoruz",5,Belki katılabilirim,Hayır,İyi
06.05.2026 18:21:42,Kadın,18-24,Bekar,Günde birkaç kez,Ayda bir/Önemli günlerde,Bazen alıyorum/yapıyorum,Bazen alıyorum/yapıyorum,Bazen alıyorum/yapıyorum,8,"Evet, her zaman endişeleniyorum",Çok Ciddiye Alıyorum,Çok Ciddiye Alıyorum,Çok Ciddiye Alıyorum,Çok Ciddiye Alıyorum,"Hayır, ancak bu konuda konuşuyoruz",3,Belki katılabilirim,Hayır,Çok güzellll
06.05.2026 18:22:18,Kadın,45-54,"Evli, çocuğu yok",Günde bir kez,Yılda birkaç kez/Çok nadir,Bazen alıyorum/yapıyorum,Bazen alıyorum/yapıyorum,Bazen alıyorum/yapıyorum,10,Çok nadiren düşünüyorum,Çok Ciddiye Alıyorum,Çok Ciddiye Alıyorum,Çok Ciddiye Alıyorum,Çok Ciddiye Alıyorum,"Hayır, bu konuyu hiç konuşmadık",4,Belki katılabilirim,‏yok,İyi
06.05.2026 18:30:34,Erkek,35-44,Evli ve çocuklu,Günde birkaç kez,Asla paylaşmıyorum,Her zaman alıyorum/yapıyorum,Her zaman alıyorum/yapıyorum,Her zaman alıyorum/yapıyorum,10,"Hayır, böyle bir endişem yok",Çok Ciddiye Alıyorum,Çok Ciddiye Alıyorum,Çok Ciddiye Alıyorum,Çok Ciddiye Alıyorum,"Evet, sözlü olarak belirlenmiş kurallarımız var",5,İlgilenmiyorum,"Ankette ilk başlarda ""asla paylaşmıyorum"" seçtikten sonra rızasını alıyorum veya almıyorum cevabının ne anlamı var ki? Yapılmayan bir eylem için rıza alıp almamak sorulur mu? ",Hiç girmedim siteye
06.05.2026 18:34:55,Erkek,55 ve üzeri,Evli ve çocuklu,Günde birkaç kez,Asla paylaşmıyorum,Her zaman alıyorum/yapıyorum,Her zaman alıyorum/yapıyorum,Hiç almıyorum/yapmıyorum,10,"Evet, her zaman endişeleniyorum",Çok Ciddiye Alıyorum,Çok Ciddiye Alıyorum,Çok Ciddiye Alıyorum,Çok Ciddiye Alıyorum,"Hayır, ancak bu konuda konuşuyoruz",4,Belki katılabilirim,Yok,Gayet faydalı
06.05.2026 18:45:41,Kadın,25-34,Bekar,Günde birkaç kez,Haftada bir/Düzenli olarak,Her zaman alıyorum/yapıyorum,Her zaman alıyorum/yapıyorum,Her zaman alıyorum/yapıyorum,10,Bazen aklıma geliyor,Çok Ciddiye Alıyorum,Çok Ciddiye Alıyorum,Çok Ciddiye Alıyorum,Çok Ciddiye Alıyorum,"Hayır, ancak bu konuda konuşuyoruz",3,Belki katılabilirim,Hayır yok ,Gayet başarılı 
06.05.2026 18:50:06,Kadın,18-24,Bekar,Günde birkaç kez,Ayda bir/Önemli günlerde,Bazen alıyorum/yapıyorum,Hiç almıyorum/yapmıyorum,Hiç almıyorum/yapmıyorum,10,Çok nadiren düşünüyorum,Çok Ciddiye Alıyorum,Orta Düzeyde Ciddiye Alıyorum,Çok Ciddiye Alıyorum,Çok Ciddiye Alıyorum,"Hayır, bu konuyu hiç konuşmadık",3,Belki katılabilirim,Hayır yok,Çok güzel açıklama ve bilgilendirmeler bulunmaktadır.
06.05.2026 18:55:45,Erkek,25-34,Evli ve çocuklu,Günde birkaç kez,Asla paylaşmıyorum,Hiç almıyorum/yapmıyorum,Hiç almıyorum/yapmıyorum,Bazen alıyorum/yapıyorum,10,"Evet, her zaman endişeleniyorum",Çok Ciddiye Alıyorum,Az Ciddiye Alıyorum,Orta Düzeyde Ciddiye Alıyorum,Çok Ciddiye Alıyorum,"Hayır, ancak bu konuda konuşuyoruz",4,Belki katılabilirim,Yok,Bilmiyorum 
06.05.2026 19:02:02,Erkek,18-24,Bekar,Günde birkaç kez,Yılda birkaç kez/Çok nadir,Nadiren alıyorum/yapıyorum,Nadiren alıyorum/yapıyorum,Hiç almıyorum/yapmıyorum,10,"Evet, her zaman endişeleniyorum",Çok Ciddiye Alıyorum,Çok Ciddiye Alıyorum,Çok Ciddiye Alıyorum,Çok Ciddiye Alıyorum,"Hayır, ancak bu konuda konuşuyoruz",4,İlgilenmiyorum,.,.
06.05.2026 19:30:50,Erkek,18-24,Bekar,Günde birkaç kez,Asla paylaşmıyorum,Her zaman alıyorum/yapıyorum,Her zaman alıyorum/yapıyorum,Her zaman alıyorum/yapıyorum,10,Bazen aklıma geliyor,Hiç Ciddiye Almıyorum,Çok Ciddiye Alıyorum,Hiç Ciddiye Almıyorum,Hiç Ciddiye Almıyorum,"Hayır, bu konuyu hiç konuşmadık",5,İlgilenmiyorum,Yok,Güzel
06.05.2026 19:34:27,Kadın,25-34,Bekar,Günde birkaç kez,Asla paylaşmıyorum,Her zaman alıyorum/yapıyorum,Her zaman alıyorum/yapıyorum,Her zaman alıyorum/yapıyorum,10,"Evet, her zaman endişeleniyorum",Çok Ciddiye Alıyorum,Çok Ciddiye Alıyorum,Çok Ciddiye Alıyorum,Çok Ciddiye Alıyorum,"Hayır, bu konuyu hiç konuşmadık",3,Belki katılabilirim,"katıldığımız pek çok kurs, seminer, atölyelerde rıza dahi alınmadan ders ve katılımcı gruplarının fotografları, videoları çekilmektedir. Bu dijital veriler kurumlar, kurslar tarafından sosyal medyanın her mecrasında yapılan etkinliklerin somut delili olarak kullanılmaktadır. Halbuki pek çok katılımcı bu fotograf ve videoların alınması ve paylaşılmasını dahi istememektedir. Kurumların bu konularda çok daha hassas olması ve çalışanlardan etkinliklerde katılımcı, dinleyicileri ve etkinlikleri fotograflamasını isteme konusunda cüretkar olmamalıdır. Gençlik merkezleri, üniversite sempozyumları, mezuniyetler, basit atölyeler, hatta çevrimiçi oturumlarda dahi etkinliklere dair görüntüler alınmakta ve görüntülere konu olan şahıslardan rıza dahi alınmadan paylaşılmaktadır. Bu durum dile getirildiğinde rahatsızlığını dile getirenlere adeta baskı uygulanmakta ve  baskıy ve ötekileme yoluyla dijital duygusal asimilasyon meydana getirilmektedir. Halbuki rızası olmayan pek çok kimse bu gibi yerler haricinde hayatı boyunca tek bir fotoğrafını bile paylaşmamış bulunmaktadır. Bu durumdan rahatsızlığı dile getirme söz konusu olduğunda tabiri caizse bireyler ayrıl otu olarak nitelenmekte ve gülünç bulunmaktadır. “Dijital” çağda yaşarken böyle hassasiyetlerin bulunması gülünç nitelenmektedir. Şahsen katıldığım pek çok kurs ve atölyeden bu rahatsızlıklarım sebebiyle ayrıldım. Fİkrimi dile getirdiğimdeyse hassasiyetim ehemmiyeti olmayan bir pimpiriklik olarak algılandı.",bilmiyorum ilk kez şimdi gördüm
06.05.2026 19:51:08,Kadın,18-24,Bekar,Günde birkaç kez,Ayda bir/Önemli günlerde,Her zaman alıyorum/yapıyorum,Her zaman alıyorum/yapıyorum,Her zaman alıyorum/yapıyorum,10,"Evet, her zaman endişeleniyorum",Çok Ciddiye Alıyorum,Orta Düzeyde Ciddiye Alıyorum,Çok Ciddiye Alıyorum,Çok Ciddiye Alıyorum,"Hayır, bu konuyu hiç konuşmadık",4,Belki katılabilirim,biseyler paylasıcaksak bile özel hesaplarda sadece tanıdıklarımızın oldugu alanlarda paylasmalıyız,cok iyi
06.05.2026 19:52:02,Kadın,25-34,Evli ve çocuklu,Günde birkaç kez,Asla paylaşmıyorum,Her zaman alıyorum/yapıyorum,Her zaman alıyorum/yapıyorum,Her zaman alıyorum/yapıyorum,10,"Evet, her zaman endişeleniyorum",Çok Ciddiye Alıyorum,Çok Ciddiye Alıyorum,Çok Ciddiye Alıyorum,Çok Ciddiye Alıyorum,"Hayır, ancak bu konuda konuşuyoruz",5,Kesinlikle katılmak isterim,Çocukların resimlerinin paylaşılmasını asla doğru bulmuyorum ,Çok faydalı topluma yararlı çalışmaları her zaman destekliyorum 
06.05.2026 20:45:06,Kadın,18-24,Bekar,Günde birkaç kez,Asla paylaşmıyorum,Her zaman alıyorum/yapıyorum,Her zaman alıyorum/yapıyorum,Bazen alıyorum/yapıyorum,9,"Evet, her zaman endişeleniyorum",Çok Ciddiye Alıyorum,Çok Ciddiye Alıyorum,Çok Ciddiye Alıyorum,Çok Ciddiye Alıyorum,"Hayır, ancak bu konuda konuşuyoruz",3,Kesinlikle katılmak isterim,Yok,Gayet güzel beğendim açıkçası 
06.05.2026 20:56:00,Kadın,18-24,Bekar,Günde birkaç kez,Yılda birkaç kez/Çok nadir,Her zaman alıyorum/yapıyorum,Bazen alıyorum/yapıyorum,Nadiren alıyorum/yapıyorum,7,Bazen aklıma geliyor,Az Ciddiye Alıyorum,Orta Düzeyde Ciddiye Alıyorum,Az Ciddiye Alıyorum,Az Ciddiye Alıyorum,"Hayır, ancak bu konuda konuşuyoruz",4,Belki katılabilirim,Hayır teşekkürler ,Çok güzel ellerinize sağlıkk
06.05.2026 21:24:14,Kadın,18-24,Bekar,Günde birkaç kez,Ayda bir/Önemli günlerde,Bazen alıyorum/yapıyorum,Nadiren alıyorum/yapıyorum,Nadiren alıyorum/yapıyorum,10,"Evet, her zaman endişeleniyorum",Çok Ciddiye Alıyorum,Çok Ciddiye Alıyorum,Çok Ciddiye Alıyorum,Çok Ciddiye Alıyorum,"Evet, sözlü olarak belirlenmiş kurallarımız var",3,Kesinlikle katılmak isterim,Hayır yok,Beğendim güzel
06.05.2026 21:25:09,Erkek,45-54,Evli ve çocuklu,Haftada birkaç kez,Asla paylaşmıyorum,Her zaman alıyorum/yapıyorum,Hiç almıyorum/yapmıyorum,Hiç almıyorum/yapmıyorum,10,"Evet, her zaman endişeleniyorum",Orta Düzeyde Ciddiye Alıyorum,Çok Ciddiye Alıyorum,Çok Ciddiye Alıyorum,Çok Ciddiye Alıyorum,"Hayır, ancak bu konuda konuşuyoruz",3,Belki katılabilirim,Sanal dünyanın amacı dışında kullanıldığını düşünüyorum.akşam ezanı ile birlikte çocuklarımızı dışarda bırakmayan eve içeriye girmesini sağlayan bir millet idik.Ama sanal dünyada çocuklarımızı ailemizi sürekli 7-24 dışarda bırakıyoruz. ,Biraz inceleme fırsatı buldum hoşuma gitti.İlk fırsat ta detaylı bakacam inşallah.Emegi geçenlere teşekkürler..
06.05.2026 21:34:26,Erkek,25-34,Bekar,Günde birkaç kez,Asla paylaşmıyorum,Her zaman alıyorum/yapıyorum,Her zaman alıyorum/yapıyorum,Her zaman alıyorum/yapıyorum,10,"Evet, her zaman endişeleniyorum",Çok Ciddiye Alıyorum,Az Ciddiye Alıyorum,Orta Düzeyde Ciddiye Alıyorum,Çok Ciddiye Alıyorum,"Hayır, bu konuyu hiç konuşmadık",4,Kesinlikle katılmak isterim,….,Gayet güzel geliştirilebilir
06.05.2026 21:57:54,Kadın,18-24,Bekar,Günde birkaç kez,Yılda birkaç kez/Çok nadir,Her zaman alıyorum/yapıyorum,Her zaman alıyorum/yapıyorum,Her zaman alıyorum/yapıyorum,10,"Evet, her zaman endişeleniyorum",Çok Ciddiye Alıyorum,Çok Ciddiye Alıyorum,Çok Ciddiye Alıyorum,Çok Ciddiye Alıyorum,"Hayır, ancak bu konuda konuşuyoruz",4,Belki katılabilirim,Yok ,İyi
06.05.2026 21:59:36,Kadın,18-24,Bekar,Günde birkaç kez,Yılda birkaç kez/Çok nadir,Hiç almıyorum/yapmıyorum,Hiç almıyorum/yapmıyorum,Hiç almıyorum/yapmıyorum,10,"Evet, her zaman endişeleniyorum",Orta Düzeyde Ciddiye Alıyorum,Orta Düzeyde Ciddiye Alıyorum,Çok Ciddiye Alıyorum,Çok Ciddiye Alıyorum,"Hayır, ancak bu konuda konuşuyoruz",4,Belki katılabilirim,Yok,İyi
06.05.2026 22:03:43,Kadın,35-44,Evli ve çocuklu,Günde birkaç kez,Ayda bir/Önemli günlerde,Her zaman alıyorum/yapıyorum,Her zaman alıyorum/yapıyorum,Her zaman alıyorum/yapıyorum,10,Bazen aklıma geliyor,Hiç Ciddiye Almıyorum,Hiç Ciddiye Almıyorum,Orta Düzeyde Ciddiye Alıyorum,Hiç Ciddiye Almıyorum,"Hayır, bu konuyu hiç konuşmadık",1,Kesinlikle katılmak isterim,Bu konuda deneyimli değilim.ama kontrol edilmesi gerek önemli bir konu.,Gerekli 
06.05.2026 22:04:27,Kadın,25-34,Evli ve çocuklu,Günde birkaç kez,Ayda bir/Önemli günlerde,Her zaman alıyorum/yapıyorum,Her zaman alıyorum/yapıyorum,Hiç almıyorum/yapmıyorum,10,"Evet, her zaman endişeleniyorum",Orta Düzeyde Ciddiye Alıyorum,Az Ciddiye Alıyorum,Çok Ciddiye Alıyorum,Orta Düzeyde Ciddiye Alıyorum,"Evet, sözlü olarak belirlenmiş kurallarımız var",5,Kesinlikle katılmak isterim,Ev halimimpaylaşan birinin evinin resimleri parça parça birleşerek hırsızlığı kolaylaştırmıştı ,Güzel bilgilendirici 
06.05.2026 22:05:32,Kadın,18-24,Bekar,Günde birkaç kez,Asla paylaşmıyorum,Bazen alıyorum/yapıyorum,Bazen alıyorum/yapıyorum,Bazen alıyorum/yapıyorum,10,"Evet, her zaman endişeleniyorum",Çok Ciddiye Alıyorum,Çok Ciddiye Alıyorum,Çok Ciddiye Alıyorum,Çok Ciddiye Alıyorum,"Hayır, bu konuyu hiç konuşmadık",4,Belki katılabilirim,Yok,Bilgilendirici
06.05.2026 22:06:58,Kadın,18-24,Bekar,Günde birkaç kez,Asla paylaşmıyorum,Her zaman alıyorum/yapıyorum,Her zaman alıyorum/yapıyorum,Her zaman alıyorum/yapıyorum,10,"Evet, her zaman endişeleniyorum",Çok Ciddiye Alıyorum,Çok Ciddiye Alıyorum,Çok Ciddiye Alıyorum,Çok Ciddiye Alıyorum,"Evet, sözlü olarak belirlenmiş kurallarımız var",5,Belki katılabilirim,İnsanların sosyal medyaya fotoğraf koymasını mümkün olduğunca aza indirmesini öneririm ,Çok iyi 
06.05.2026 22:07:40,Erkek,18-24,Bekar,Günde bir kez,Yılda birkaç kez/Çok nadir,Her zaman alıyorum/yapıyorum,Her zaman alıyorum/yapıyorum,Her zaman alıyorum/yapıyorum,1,Bazen aklıma geliyor,Hiç Ciddiye Almıyorum,Az Ciddiye Alıyorum,Az Ciddiye Alıyorum,Az Ciddiye Alıyorum,"Hayır, ancak bu konuda konuşuyoruz",3,Kesinlikle katılmak isterim,Yok,İyi
06.05.2026 22:08:58,Kadın,18-24,Bekar,Günde birkaç kez,Yılda birkaç kez/Çok nadir,Her zaman alıyorum/yapıyorum,Her zaman alıyorum/yapıyorum,Her zaman alıyorum/yapıyorum,10,"Evet, her zaman endişeleniyorum",Çok Ciddiye Alıyorum,Çok Ciddiye Alıyorum,Çok Ciddiye Alıyorum,Çok Ciddiye Alıyorum,"Evet, sözlü olarak belirlenmiş kurallarımız var",5,Kesinlikle katılmak isterim,Yok,Yetersiz 
06.05.2026 22:09:30,Kadın,18-24,Bekar,Günde birkaç kez,Ayda bir/Önemli günlerde,Her zaman alıyorum/yapıyorum,Her zaman alıyorum/yapıyorum,Her zaman alıyorum/yapıyorum,10,"Evet, her zaman endişeleniyorum",Az Ciddiye Alıyorum,Az Ciddiye Alıyorum,Hiç Ciddiye Almıyorum,Orta Düzeyde Ciddiye Alıyorum,"Evet, sözlü olarak belirlenmiş kurallarımız var",4,Kesinlikle katılmak isterim,Hem bireysel  hemde toplumsal olarak dijital mahremiyetin korunmasina ve gerekenin yapılmasına katılıyorum,Gayet güzel ve ilgili 
06.05.2026 22:11:01,Kadın,18-24,Bekar,Günde birkaç kez,Ayda bir/Önemli günlerde,Her zaman alıyorum/yapıyorum,Her zaman alıyorum/yapıyorum,Her zaman alıyorum/yapıyorum,10,"Evet, her zaman endişeleniyorum",Orta Düzeyde Ciddiye Alıyorum,Orta Düzeyde Ciddiye Alıyorum,Orta Düzeyde Ciddiye Alıyorum,Orta Düzeyde Ciddiye Alıyorum,"Hayır, ancak bu konuda konuşuyoruz",4,Kesinlikle katılmak isterim,Yok,Güzel
06.05.2026 22:15:52,Erkek,25-34,Bekar,Günde birkaç kez,Yılda birkaç kez/Çok nadir,Bazen alıyorum/yapıyorum,Bazen alıyorum/yapıyorum,Her zaman alıyorum/yapıyorum,9,Çok nadiren düşünüyorum,Az Ciddiye Alıyorum,Çok Ciddiye Alıyorum,Çok Ciddiye Alıyorum,Çok Ciddiye Alıyorum,"Hayır, bu konuyu hiç konuşmadık",4,Belki katılabilirim,-,-
06.05.2026 22:17:53,Erkek,18-24,Bekar,Günde birkaç kez,Yılda birkaç kez/Çok nadir,Bazen alıyorum/yapıyorum,Bazen alıyorum/yapıyorum,Bazen alıyorum/yapıyorum,10,Bazen aklıma geliyor,Orta Düzeyde Ciddiye Alıyorum,Çok Ciddiye Alıyorum,Çok Ciddiye Alıyorum,Orta Düzeyde Ciddiye Alıyorum,"Evet, sözlü olarak belirlenmiş kurallarımız var",4,Belki katılabilirim,Yok,Güzel 
06.05.2026 22:18:39,Erkek,35-44,Evli ve çocuklu,Günde birkaç kez,Yılda birkaç kez/Çok nadir,Bazen alıyorum/yapıyorum,Bazen alıyorum/yapıyorum,Bazen alıyorum/yapıyorum,10,Bazen aklıma geliyor,Çok Ciddiye Alıyorum,Çok Ciddiye Alıyorum,Çok Ciddiye Alıyorum,Çok Ciddiye Alıyorum,"Hayır, ancak bu konuda konuşuyoruz",3,Belki katılabilirim,"Günümüz dijital içeriklerin aile yapısı üzerinde çok büyük olumsuz etkileri var, bu olumsuzlukların önüne geçilmesi için gerekli adımların atılması gerek, aksi halde aile yapısında yıkıcı etkiler fazla olacak.",İyi
06.05.2026 22:20:18,Kadın,18-24,Bekar,Günde birkaç kez,Ayda bir/Önemli günlerde,Nadiren alıyorum/yapıyorum,Hiç almıyorum/yapmıyorum,Hiç almıyorum/yapmıyorum,10,Bazen aklıma geliyor,Orta Düzeyde Ciddiye Alıyorum,Çok Ciddiye Alıyorum,Çok Ciddiye Alıyorum,Çok Ciddiye Alıyorum,"Hayır, ancak bu konuda konuşuyoruz",5,Kesinlikle katılmak isterim,Sosyal medya nın iyi yönde kullanılması gerektiğini düşünüyorum ,Orta düzeyde 
06.05.2026 22:26:53,Erkek,25-34,Bekar,Günde birkaç kez,Yılda birkaç kez/Çok nadir,Her zaman alıyorum/yapıyorum,Bazen alıyorum/yapıyorum,Bazen alıyorum/yapıyorum,10,"Hayır, böyle bir endişem yok",Hiç Ciddiye Almıyorum,Hiç Ciddiye Almıyorum,Hiç Ciddiye Almıyorum,Hiç Ciddiye Almıyorum,"Hayır, bu konuyu hiç konuşmadık",5,Belki katılabilirim,"Daha geliştirilmeli
",Normal 
06.05.2026 22:29:11,Kadın,18-24,Bekar,Günde birkaç kez,Yılda birkaç kez/Çok nadir,Her zaman alıyorum/yapıyorum,Her zaman alıyorum/yapıyorum,Her zaman alıyorum/yapıyorum,7,"Evet, her zaman endişeleniyorum",Çok Ciddiye Alıyorum,Orta Düzeyde Ciddiye Alıyorum,Orta Düzeyde Ciddiye Alıyorum,Çok Ciddiye Alıyorum,"Evet, yazılı bir aile sözleşmemiz/kurallarımız var",2,Belki katılabilirim,Yok,Güzel 
06.05.2026 22:47:08,Kadın,18-24,Bekar,Haftada birkaç kez,Haftada bir/Düzenli olarak,Nadiren alıyorum/yapıyorum,Bazen alıyorum/yapıyorum,Her zaman alıyorum/yapıyorum,4,Çok nadiren düşünüyorum,Az Ciddiye Alıyorum,Az Ciddiye Alıyorum,Az Ciddiye Alıyorum,Hiç Ciddiye Almıyorum,"Evet, sözlü olarak belirlenmiş kurallarımız var",2,Kesinlikle katılmak isterim,Yok teşekkür ederim ,Gayet güzel 
06.05.2026 23:27:33,Kadın,18-24,Bekar,Günde birkaç kez,Yılda birkaç kez/Çok nadir,Her zaman alıyorum/yapıyorum,Her zaman alıyorum/yapıyorum,Her zaman alıyorum/yapıyorum,9,"Evet, her zaman endişeleniyorum",Çok Ciddiye Alıyorum,Çok Ciddiye Alıyorum,Çok Ciddiye Alıyorum,Çok Ciddiye Alıyorum,"Hayır, ancak bu konuda konuşuyoruz",2,Belki katılabilirim,Yok,Güzel
06.05.2026 23:43:15,Erkek,25-34,Bekar,Günde birkaç kez,Asla paylaşmıyorum,Hiç almıyorum/yapmıyorum,Hiç almıyorum/yapmıyorum,Hiç almıyorum/yapmıyorum,10,"Evet, her zaman endişeleniyorum",Çok Ciddiye Alıyorum,Çok Ciddiye Alıyorum,Çok Ciddiye Alıyorum,Çok Ciddiye Alıyorum,"Hayır, bu konuyu hiç konuşmadık",5,İlgilenmiyorum,Yok,İyi
06.05.2026 23:56:41,Kadın,18-24,Bekar,Günde birkaç kez,Ayda bir/Önemli günlerde,Bazen alıyorum/yapıyorum,Nadiren alıyorum/yapıyorum,Nadiren alıyorum/yapıyorum,10,Bazen aklıma geliyor,Az Ciddiye Alıyorum,Orta Düzeyde Ciddiye Alıyorum,Orta Düzeyde Ciddiye Alıyorum,Orta Düzeyde Ciddiye Alıyorum,"Hayır, ancak bu konuda konuşuyoruz",4,Belki katılabilirim,Yok,Gayet güzel 
07.05.2026 00:21:15,Kadın,35-44,Evli ve çocuklu,Günde birkaç kez,Yılda birkaç kez/Çok nadir,Her zaman alıyorum/yapıyorum,Her zaman alıyorum/yapıyorum,Her zaman alıyorum/yapıyorum,10,"Evet, her zaman endişeleniyorum",Hiç Ciddiye Almıyorum,Hiç Ciddiye Almıyorum,Hiç Ciddiye Almıyorum,Hiç Ciddiye Almıyorum,"Evet, sözlü olarak belirlenmiş kurallarımız var",5,Kesinlikle katılmak isterim,Çok güzel ,Bence çok güzel bı site 
07.05.2026 00:50:15,Kadın,18-24,Bekar,Günde birkaç kez,Yılda birkaç kez/Çok nadir,Her zaman alıyorum/yapıyorum,Her zaman alıyorum/yapıyorum,Her zaman alıyorum/yapıyorum,10,"Evet, her zaman endişeleniyorum",Çok Ciddiye Alıyorum,Çok Ciddiye Alıyorum,Çok Ciddiye Alıyorum,Çok Ciddiye Alıyorum,"Hayır, ancak bu konuda konuşuyoruz",2,Belki katılabilirim,15 yaş altı çocukların sosyal medyadan uzak kalması gerektiğini şiddetle tavsiye ederim.,İyi ve bilgilendirici 
07.05.2026 08:36:09,Kadın,18-24,Bekar,Günde birkaç kez,Asla paylaşmıyorum,Her zaman alıyorum/yapıyorum,Her zaman alıyorum/yapıyorum,Her zaman alıyorum/yapıyorum,10,"Evet, her zaman endişeleniyorum",Çok Ciddiye Alıyorum,Çok Ciddiye Alıyorum,Çok Ciddiye Alıyorum,Çok Ciddiye Alıyorum,"Hayır, ancak bu konuda konuşuyoruz",5,Belki katılabilirim,Hayır ,Çok güzel 
07.05.2026 08:44:26,Erkek,18-24,Bekar,Günde birkaç kez,Asla paylaşmıyorum,Hiç almıyorum/yapmıyorum,Hiç almıyorum/yapmıyorum,Hiç almıyorum/yapmıyorum,10,Bazen aklıma geliyor,Orta Düzeyde Ciddiye Alıyorum,Orta Düzeyde Ciddiye Alıyorum,Orta Düzeyde Ciddiye Alıyorum,Orta Düzeyde Ciddiye Alıyorum,"Hayır, ancak bu konuda konuşuyoruz",5,Kesinlikle katılmak isterim,Hayır,Güzel olmuş 
07.05.2026 11:42:58,Kadın,18-24,Bekar,Günde birkaç kez,Yılda birkaç kez/Çok nadir,Her zaman alıyorum/yapıyorum,Her zaman alıyorum/yapıyorum,Her zaman alıyorum/yapıyorum,10,Çok nadiren düşünüyorum,Az Ciddiye Alıyorum,Az Ciddiye Alıyorum,Az Ciddiye Alıyorum,Az Ciddiye Alıyorum,"Hayır, ancak bu konuda konuşuyoruz",5,Belki katılabilirim,Yok,Çok güzel 
07.05.2026 21:24:04,Kadın,18-24,Bekar,Günde birkaç kez,Ayda bir/Önemli günlerde,Her zaman alıyorum/yapıyorum,Her zaman alıyorum/yapıyorum,Her zaman alıyorum/yapıyorum,9,Bazen aklıma geliyor,Orta Düzeyde Ciddiye Alıyorum,Orta Düzeyde Ciddiye Alıyorum,Çok Ciddiye Alıyorum,Çok Ciddiye Alıyorum,"Hayır, ancak bu konuda konuşuyoruz",3,Belki katılabilirim,Yok,Çok güzel